word,count
xylen,2
reprocess,1
depropan,1
polypeptid,1
bronst,1
mesitylen,1
powderi,1
magnetit,1
antimicrobi,1
palladium,2
interpolym,1
concret,1
sputter,1
ethoxid,1
cyclodextrin,1
polybutylen,1
downstream,1
barium,1
dichlorid,2
void,1
rise,1
ductil,1
pigment,1
vitreous,1
macropor,2
calcin,2
yellow,1
upstream,1
appar,2
quantit,2
hemicellulos,1
inbr,1
solid,2
vector,1
cholesterol,1
wholli,1
interstag,1
proteas,1
chew,1
capsul,1
speci,2
cracker,1
alkoxyl,1
direct,1
commerci,1
microspher,1
second,2
glassi,1
instantan,1
aggreg,1
feedstream,1
reoxid,1
urethan,1
fecl,1
thermophil,1
blue,1
lesser,1
ammoxid,1
rheolog,1
chlorat,1
isobutan,2
near,1
poison,1
haze,1
polyest,1
fossil,1
conduct,2
symmetr,1
halocarbon,1
acidifi,2
elimin,2
seventh,1
hydrolysi,2
algin,1
ethanol,2
boron,1
path,1
polymethylen,1
andcontact,1
bromid,2
acceptor,2
andreact,1
macroreticular,1
polymethyl,1
settler,1
hydrat,2
dri,2
scaveng,2
permit,1
angstrom,2
nanomet,1
butyrolacton,2
tertiari,2
brought,2
soybean,1
ultrafiltr,2
nitrat,1
total,2
unit,2
landfil,1
describ,2
gloss,1
comminut,2
halogen,1
overhead,2
redox,2
diphenylmethan,2
type,1
amphiphil,1
bromin,2
subsurfac,1
autogen,1
desalt,1
tackifi,1
kerosen,1
relat,2
warp,1
glass,1
warm,2
hold,2
acrylonitril,1
polyhydr,1
join,1
room,2
betain,1
sweeten,1
work,2
counterflow,1
mammalian,1
iridium,2
coalesc,1
cdna,1
miscibl,2
spong,2
ultrason,2
root,1
kinet,1
edibl,1
lipophil,1
aluminosil,2
indic,1
titanium,1
liter,2
electrodeposit,1
microchannel,1
rayon,1
attract,1
polystyren,1
manner,2
end,1
turn,1
butylamin,1
electropl,1
travel,1
monoclon,1
classifi,1
cyclohexan,2
methanol,2
recoveri,2
triethyl,1
toxic,1
esterif,2
adip,1
friedel,1
quinolin,1
substanc,2
lump,1
diagram,1
mesh,2
lhsv,1
nucleotid,1
butylbenzen,1
parallel,1
averag,1
inventori,1
hereinaft,1
smoke,1
amin,2
vicin,1
tetra,1
andintroduc,1
microstructur,1
retort,1
polypropylen,1
oligomer,2
maintain,2
environ,2
aldol,1
incorpor,2
enter,1
exclus,2
microbi,1
vapor,2
order,2
wind,1
oper,1
composit,1
deform,1
fall,2
orang,1
